[{
    "title": "Microsoft Azure",
    "name": "Azure",
    "url": "https://github.com/Azure",
    "image": "https://avatars.githubusercontent.com/u/6844498?v=3&s=200"
}, {
    "title": "Office",
    "name": "OfficeDev",
    "url": "https://github.com/OfficeDev",
    "image": "https://avatars.githubusercontent.com/u/6789362?v=3&s=200"
}, {
    "title": "FUSE Labs at Microsoft Research",
    "name": "fuselabs",
    "url": "https://github.com/fuselabs",
    "image": "https://avatars.githubusercontent.com/u/6109264?v=3&s=200"
}, {
    "title": "Microsoft patterns & practices",
    "name": "mspnp",
    "url": "https://github.com/mspnp",
    "image": "https://avatars.githubusercontent.com/u/1373420?v=3&s=200"
}, {
    "title": "Microsoft HPC Group",
    "name": "MicrosoftHPC",
    "url": "https://github.com/MicrosoftHPC",
    "image": "https://avatars.githubusercontent.com/u/790056?v=3&s=200"
}, {
    "title": "Yammer",
    "name": "yammer",
    "url": "https://github.com/yammer",
    "image": "https://avatars.githubusercontent.com/u/119402?v=3&s=200"
}, {
    "title": "WinJS",
    "name": "winjs",
    "url": "https://github.com/winjs",
    "image": "https://avatars.githubusercontent.com/u/6923056?v=3&s=200"
}, {
    "title": "Microsoft Mobile",
    "name": "microsoft-mobile",
    "url": "https://github.com/microsoft-mobile",
    "image": "https://avatars.githubusercontent.com/u/4949959?v=3&s=200"
}, {
    "title": "Cloud and Information Services Lab",
    "name": "Microsoft-CISL",
    "url": "https://github.com/Microsoft-CISL",
    "image": "https://avatars.githubusercontent.com/u/2067733?v=3&s=200"
}, {
    "title": "Microsoft Research",
    "name": "MicrosoftResearch",
    "url": "https://github.com/MicrosoftResearch",
    "image": "https://avatars.githubusercontent.com/u/4968260?v=3&s=200"
}, {
    "title": "Open Source Technology Center",
    "name": "OSTC",
    "url": "https://github.com/OSTC",
    "image": "https://avatars.githubusercontent.com/u/731996?v=3&s=200"
}, {
    "title": "Microsoft Live Connect",
    "name": "liveservices",
    "url": "https://github.com/liveservices",
    "image": "https://avatars.githubusercontent.com/u/887378?v=3&s=200"
}, {
    "title": "Microsoft Azure AD Samples",
    "name": "AzureADSamples",
    "url": "https://github.com/AzureADSamples",
    "image": "https://avatars.githubusercontent.com/u/6842290?v=3&s=200"
}, {
    "title": "Microsoft Azure Federal",
    "name": "AzureFederal",
    "url": "https://github.com/AzureFederal",
    "image": "https://avatars.githubusercontent.com/u/9612212?v=3&s=200"
}, {
    "title": "Microsoft Health Solutions Group",
    "name": "microsoft-hsg",
    "url": "https://github.com/microsoft-hsg",
    "image": "https://avatars.githubusercontent.com/u/854451?v=3&s=200"
}, {
    "title": "Azure Samples",
    "name": "Azure-Samples",
    "url": "https://github.com/Azure-Samples",
    "image": "https://avatars.githubusercontent.com/u/1844662?v=3&s=200"
}, {
    "title": "Azure Readiness",
    "name": "Azure-Readiness",
    "url": "https://github.com/Azure-Readiness",
    "image": "https://avatars.githubusercontent.com/u/1373234?v=3&s=200"
}, {
    "title": "Open Source from Microsoft",
    "name": "Microsoft",
    "url": "https://github.com/Microsoft",
    "image": "https://avatars.githubusercontent.com/u/6154722?v=3&s=200"
}, {
    "title": "Internet of Things",
    "name": "ms-iot",
    "url": "https://github.com/ms-iot",
    "image": "https://avatars.githubusercontent.com/u/7927770?v=3&s=200"
}, {
    "title": "OneDrive",
    "name": "OneDrive",
    "url": "https://github.com/OneDrive",
    "image": "https://avatars.githubusercontent.com/u/7130569?v=3&s=200"
}, {
    "title": "Linux Integration Services for Microsoft Hyper-V",
    "name": "LIS",
    "url": "https://github.com/LIS",
    "image": "https://avatars.githubusercontent.com/u/930970?v=3&s=200"
}, {
    "title": "Microsoft Open Technologies",
    "name": "msopentech",
    "url": "https://github.com/msopentech",
    "image": "https://avatars.githubusercontent.com/u/1638184?v=3&s=200"
}, {    
    "title": "Reactive Extensions",
    "name": "Reactive-Extensions",
    "url": "https://github.com/Reactive-Extensions",
    "image": "https://avatars.githubusercontent.com/u/984368?v=3&s=200"
}, {
    "title": "Microsoft Genomics",
    "name": "MicrosoftGenomics",
    "url": "https://github.com/MicrosoftGenomics",
    "image": "https://avatars.githubusercontent.com/u/9439111?v=3&s=200"
}, {
    "title": "Microsoft Edge",
    "name": "MicrosoftEdge",
    "url": "https://github.com/MicrosoftEdge",
    "image": "https://avatars.githubusercontent.com/u/11354582?v=3&s=200"
}, {
    "title": "Azure Active Directory",
    "name": "AzureAD",
    "url": "https://github.com/AzureAD",
    "image": "https://avatars.githubusercontent.com/u/2966316?v=3&s=200"
}, {
    "title": "Bit Stadium GmbH",
    "name": "bitstadium",
    "url": "https://github.com/bitstadium",
    "image": "https://avatars.githubusercontent.com/u/1928136?v=3&s=200"
}, {
    "title": "Microsoft Dynamics CRM",
    "name": "DynamicsCRM",
    "url": "https://github.com/DynamicsCRM",
    "image": "https://avatars.githubusercontent.com/u/10079951?v=3&s=200"
}, {
    "title": "ManifoldJS",
    "name": "manifoldjs",
    "url": "https://github.com/ManifoldJS",
    "image": "https://avatars.githubusercontent.com/u/11843769?v=3&s=200"
}, {
    "title": "MicrosoftDX",
    "name": "MicrosoftDX",
    "url": "https://github.com/MicrosoftDX",
    "image": "https://avatars.githubusercontent.com/u/11654180?v=3&s=200"
}, {
    "title": "OneGet",
    "name": "OneGet",
    "url": "https://github.com/OneGet",
    "image": "https://avatars.githubusercontent.com/u/7153805?v=3&s=200"
}, {
    "title": "PowerBI",
    "name": "PowerBI",
    "url": "https://github.com/PowerBI",
    "image": "https://avatars.githubusercontent.com/u/9753375?v=3&s=200"
}, {
    "title": "PowerShell",
    "name": "PowerShell",
    "url": "https://github.com/PowerShell",
    "image": "https://avatars.githubusercontent.com/u/11524380?v=3&s=200"
}, {
    "title": "Simple Cloud Manager Project",
    "name": "SimpleCloudManagerProject",
    "url": "https://github.com/SimpleCloudManagerProject",
    "image": "https://avatars.githubusercontent.com/u/10157963?v=3&s=200"
}, {
    "title": "Thali Project",
    "name": "thaliproject",
    "url": "https://github.com/thaliproject",
    "image": "https://avatars.githubusercontent.com/u/7918300?v=3&s=200"
}, {
    "title": "Z3 Theorem Prover",
    "name": "Z3Prover",
    "url": "https://github.com/Z3Prover",
    "image": "https://avatars.githubusercontent.com/u/11668813?v=3&s=200"
}, {    
    "title": "Microsoft OData stack", 
     "name": "OData", 
     "url": "https://github.com/OData", 
     "image": "https://avatars0.githubusercontent.com/u/916520?v=3&s=200" 
}] 