﻿{
  "StartDigit": "5",
  "MaxLength": "3",
  "Map": {
    "A5": { "Model": "Freestar" },
    "A20": { "Model": "Mercury Mountaineer" },
    "C": { "Model": "E-Series Chassis" },
    "E": { "Model": "Lincoln Aviator" },
    "F02": { "Model": "F-150" },
    "F04": { "Model": "F-150" },
    "F12": { "Model": "F-150" },
    "F14": { "Model": "F-150" },
    "F20": { "Model": "F-250" },
    "F21": { "Model": "F-250" },
    "F25": { "Model": "F-250" },
    "F30": { "Model": "F-350" },
    "F31": { "Model": "F-350" },
    "F32": { "Model": "F-350" },
    "F33": { "Model": "F-350" },
    "F36": { "Model": "F-350" },
    "F37": { "Model": "F-350" },
    "F46": { "Model": "F-450" },
    "F47": { "Model": "F-450" },
    "F56": { "Model": "F-550" },
    "F57": { "Model": "F-550" },
    "F65": { "Model": "F-650" },
    "F66": { "Model": "F-650" },
    "F75": { "Model": "F-750" },
    "F76": { "Model": "F-750" },
    "K02": { "Model": "Taurus X" },
    "K03": { "Model": "Taurus X" },
    "K05": { "Model": "Taurus X" },
    "K06": { "Model": "Taurus X" },
    "K07": { "Model": "Taurus X" },
    "K08": { "Model": "Taurus X" },
    "K36": { "Model": "Edge" },
    "K38": { "Model": "Edge" },
    "K39": { "Model": "Edge" },
    "K46": { "Model": "Edge" },
    "K48": { "Model": "Edge" },
    "K49": { "Model": "Edge" },
    "M36": { "Model": "Mercury Topaz" },
    "M5": { "Model": "Mercury Sable" },
    "M6": { "Model": "Mercury Mystique" },
    "M7": { "Model": "Mercury Grand Marquis" },
    "": { "Model": "Mercury Marauder" },
    "M81": { "Model": "Lincoln Town Car" },
    "M86": { "Model": "Lincoln LS" },
    "M9": { "Model": "Lincoln Continental" },
    "P01": { "Model": "Fusion" },
    "P02": { "Model": "Fusion" },
    "P06": { "Model": "Fusion" },
    "P07": { "Model": "Fusion" },
    "P08": { "Model": "Fusion" },
    "P0H": { "Model": "Fusion", "CarType": "Passenger" },
    "P0L": { "Model": "Fusion" },
    "P10": { "Model": "Escort" },
    "P11": { "Model": "Escort" },
    "P12": { "Model": "Escort" },
    "P13": { "Model": "Escort" },
    "P14": { "Model": "Escort" },
    "P15": { "Model": "Escort" },
    "P24": { "Model": "Taurus" },
    "P25": { "Model": "Taurus" },
    "P27": { "Model": "Taurus" },
    "P28": { "Model": "Taurus" },
    "P30": { "Model": "Focus" },
    "P31": { "Model": "Focus" },
    "P33": { "Model": "Focus" },
    "P34": { "Model": "Focus" },
    "P35": { "Model": "Focus" },
    "P36": { "Model": "Focus" },
    "P37": { "Model": "Focus" },
    "P38": { "Model": "Focus" },
    "P39": { "Model": "Focus" },
    "P16": { "Model": "Mustang" },
    "P26": { "Model": "Mustang" },
    "P40": { "Model": "Mustang" },
    "P41": { "Model": "Mustang" },
    "P42": { "Model": "Mustang" },
    "P44": { "Model": "Mustang" },
    "P45": { "Model": "Mustang" },
    "P46": { "Model": "Mustang" },
    "P47": { "Model": "Mustang" },
    "P48": { "Model": "Mustang" },
    "P49": { "Model": "Mustang" },
    "P4A": { "Model": "Fiesta" },
    "P4B": { "Model": "Fiesta" },
    "P4C": { "Model": "Fiesta" },
    "P4E": { "Model": "Fiesta" },
    "P4F": { "Model": "Fiesta" },
    "P5": { "Model": "Taurus" },
    "P52": { "Model": "Taurus GL" },
    "P53": { "Model": "Taurus LX" },
    "P54": { "Model": "Taurus SHO" },
    "P55": { "Model": "Taurus SES" },
    "P56": { "Model": "Taurus SEL" },
    "P65": { "Model": "Contour" },
    "P66": { "Model": "Contour Sport" },
    "P68": { "Model": "Contour SVT" },
    "P60": { "Model": "Thunderbird" },
    "P62": { "Model": "Thunderbird" },
    "P64": { "Model": "Thunderbird" },
    "P67": { "Model": "Mercury Capri" },
    "P70": { "Model": "Crown Victoria" },
    "P71": { "Model": "Crown Victoria" },
    "P72": { "Model": "Crown Victoria" },
    "P73": { "Model": "Crown Victoria" },
    "P74": { "Model": "Crown Victoria" },
    "P84": { "Model": "Mazda 6" },
    "P90": { "Model": "GT" },
    "R0": { "Model": "Ranger" },
    "S": { "Model": "E-Series extended" },
    "T20": { "Model": "Probe" },
    "T21": { "Model": "Probe" },
    "T22": { "Model": "Probe" },
    "T6": { "Model": "Mercury Cougar" },
    "T80": { "Model": "Mustang" },
    "T82": { "Model": "Mustang" },
    "T84": { "Model": "Mustang" },
    "T85": { "Model": "Mustang" },
    "T88": { "Model": "Mustang" },
    "T89": { "Model": "Mustang" },
    "U0": { "Model": "Escape" },
    "U1": { "Model": "Expedition" },
    "U2": { "Model": "Lincoln Navigator" },
    "U4": { "Model": "Excursion" },
    "U15": { "Model": "Bronco" },
    "U80": { "Model": "L-8000" },
    "V1": { "Model": "Mercury Villager" },
    "W02": { "Model": "F-150" },
    "W04": { "Model": "F-150" },
    "W12": { "Model": "F-150" },
    "W14": { "Model": "F-150" },
    "W20": { "Model": "F-250" },
    "W21": { "Model": "F-250" },
    "W30": { "Model": "F-350" },
    "W31": { "Model": "F-350" },
    "W32": { "Model": "F-350" },
    "W33": { "Model": "F-350" },
    "W36": { "Model": "F-350" },
    "W37": { "Model": "F-350" },
    "W46": { "Model": "F-450" },
    "W47": { "Model": "F-450" },
    "W56": { "Model": "F-550" },
    "W57": { "Model": "F-550" },
    "W65": { "Model": "F-650" },
    "W66": { "Model": "F-650" },
    "W75": { "Model": "F-750" },
    "W76": { "Model": "F-750" },
    "X02": { "Model": "F-150" },
    "X04": { "Model": "F-150" },
    "X12": { "Model": "F-150" },
    "X14": { "Model": "F-150" },
    "X20": { "Model": "F-250" },
    "X21": { "Model": "F-250" },
    "X26": { "Model": "F-250HD" },
    "X30": { "Model": "F-350" },
    "X31": { "Model": "F-350" },
    "X32": { "Model": "F-350" },
    "X33": { "Model": "F-350" },
    "X36": { "Model": "F-350" },
    "X37": { "Model": "F-350" },
    "X46": { "Model": "F-450" },
    "X47": { "Model": "F-450" },
    "X56": { "Model": "F-550" },
    "X57": { "Model": "F-550" },
    "X65": { "Model": "F-650" },
    "X66": { "Model": "F-650" },
    "X75": { "Model": "F-750" },
    "X76": { "Model": "F-750" }
  }
}