﻿<?xml version="1.0" encoding="utf-8"?>
<resources>
    <color name="primary">#0087d2</color>
	<color name="primary_transparent">#990087d2</color>
    <color name="primary_dark">#005e93</color>
    <color name="primary_light">#CFD8DC</color>
    <color name="accent">#0087d2</color>
    <color name="primary_text">#212121</color>
    <color name="secondary_text">#727272</color>
    <color name="icons">#FFFFFF</color>
    <color name="divider">#B6B6B6</color>
    <color name="activated_color">#E8E8E8</color>
    <color name="window_background">#FFF5F5F5</color>

	<color name="rating_accent">#0087d2</color>
    <color name="recording_accent">#F65159</color>
    <color name="time_accent">#db83d3</color>
    <color name="stat_accent">#0087d2</color>
	<color name="stat_display">#000000</color>
	
    <!--Buttons-->
    <color name="button_facebook">#282E8C</color>
    <color name="button_twitter">#1B92F2</color>
    <color name="button_microsoft">#376897</color>
</resources>