{
  "build": [
    {
      "enabled": true,
      "continueOnError": false,
      "alwaysRun": false,
      "displayName": "NuGet restore src/MobileApps/MyDriving.XS.sln",
      "task": {
        "id": "333b11bd-d341-40d9-afcf-b32d5ce6f23b",
        "versionSpec": "*"
      },
      "inputs": {
        "solution": "src/MobileApps/MyDriving.XS.sln",
        "nugetConfigPath": "",
        "noCache": "false",
        "nuGetRestoreArgs": "",
        "nuGetPath": ""
      }
    },
    {
      "enabled": true,
      "continueOnError": false,
      "alwaysRun": false,
      "displayName": "Update Version Name",
      "task": {
        "id": "5b4d14d0-3868-11e4-a31d-3f0a2d8202f4",
        "versionSpec": "*"
      },
      "inputs": {
        "sourcePath": "src/MobileApps/MyDriving/MyDriving.Android/Properties",
        "filePattern": "AndroidManifest.xml",
        "buildRegex": "(?:\\d+\\.\\d+\\.\\d+\\.)(\\d+)",
        "buildRegexIndex": "0",
        "replaceRegex": "versionName=\"\\d+\\.\\d+\\.\\d+",
        "replacePrefix": "versionName=",
        "failIfNoMatchFound": "false"
      }
    },
    {
      "enabled": true,
      "continueOnError": false,
      "alwaysRun": false,
      "displayName": "Update Version Code",
      "task": {
        "id": "5b4d14d0-3868-11e4-a31d-3f0a2d8202f4",
        "versionSpec": "*"
      },
      "inputs": {
        "sourcePath": "src/MobileApps/MyDriving/MyDriving.Android/Properties",
        "filePattern": "AndroidManifest.xml",
        "buildRegex": "(?:\\d+\\.\\d+\\.\\d+\\.)(\\d+)",
        "buildRegexIndex": "1",
        "replaceRegex": "versionCode=\"\\d+",
        "replacePrefix": "versionCode=",
        "failIfNoMatchFound": "false"
      }
    },
    {
      "enabled": true,
      "continueOnError": false,
      "alwaysRun": false,
      "displayName": "Activate Xamarin license",
      "task": {
        "id": "6237827d-6244-4d52-b93e-47d8610fbd8a",
        "versionSpec": "*"
      },
      "inputs": {
        "action": "Activate",
        "email": "$(XamarinLicenseUser)",
        "password": "$(GeneralPassword)",
        "activateAndroid": "true",
        "timeout": "30"
      }
    },
    {
      "enabled": true,
      "continueOnError": false,
      "alwaysRun": false,
      "displayName": "Build Android Project",
      "task": {
        "id": "27edd013-36fd-43aa-96a3-7d73e1e35285",
        "versionSpec": "*"
      },
      "inputs": {
        "project": "src/MobileApps/MyDriving/MyDriving.Android/MyDriving.Android.csproj",
        "target": "",
        "outputDir": "$(Agent.BuildDirectory)\\bin\\$(BuildConfiguration)",
        "configuration": "$(BuildConfiguration)",
        "msbuildLocation": "",
        "msbuildArguments": "",
        "jdkVersion": "default",
        "jdkArchitecture": "x86"
      }
    },
    {
      "enabled": true,
      "continueOnError": false,
      "alwaysRun": false,
      "displayName": "Sign and align APK file",
      "task": {
        "id": "80f3f6a0-82a6-4a22-ba7a-e5b8c541b9b9",
        "versionSpec": "*"
      },
      "inputs": {
        "files": "$(Agent.BuildDirectory)\\bin\\$(BuildConfiguration)\\*.apk",
        "jarsign": "true",
        "keystoreFile": "$(Build.SourcesDirectory)\\src\\MobileApps\\MyDriving\\MyDriving.Android\\smarttrips.keystore",
        "keystorePass": "$(GeneralPassword)",
        "keystoreAlias": "smarttrips",
        "keyPass": "$(GeneralPassword)",
        "jarsignerArguments": "-verbose -sigalg MD5withRSA -digestalg SHA1",
        "zipalign": "true",
        "zipalignLocation": ""
      }
    },
    {
      "enabled": true,
      "continueOnError": false,
      "alwaysRun": true,
      "displayName": "Deactivate Xamarin license",
      "task": {
        "id": "6237827d-6244-4d52-b93e-47d8610fbd8a",
        "versionSpec": "*"
      },
      "inputs": {
        "action": "Deactivate",
        "email": "$(XamarinLicenseUser)",
        "password": "$(GeneralPassword)",
        "activateAndroid": "true",
        "timeout": "30"
      }
    },
    {
      "enabled": true,
      "continueOnError": false,
      "alwaysRun": false,
      "displayName": "Build tests",
      "task": {
        "id": "c6c4c611-aa2e-4a33-b606-5eaba2196824",
        "versionSpec": "*"
      },
      "inputs": {
        "solution": "src/MobileApps/MyDriving/MyDriving.UITests/MyDriving.UITests.csproj",
        "platform": "",
        "configuration": "$(BuildConfiguration)",
        "msbuildArguments": "",
        "clean": "false",
        "restoreNugetPackages": "false",
        "logProjectEvents": "false",
        "msbuildLocationMethod": "version",
        "msbuildVersion": "14.0",
        "msbuildArchitecture": "x86",
        "msbuildLocation": ""
      }
    },
    {
      "enabled": false,
      "continueOnError": false,
      "alwaysRun": false,
      "displayName": "Test in Xamarin Test Cloud",
      "task": {
        "id": "049918cb-1488-48eb-85e8-c318eccaaa74",
        "versionSpec": "*"
      },
      "inputs": {
        "app": "$(Agent.BuildDirectory)\\bin\\$(BuildConfiguration)\\com.microsoft.mytrips.apk",
        "dsym": "",
        "teamApiKey": "$(XTCKey)",
        "user": "$(XTCUser)",
        "devices": "$(XTCDevices)",
        "series": "$(Build.SourceBranchName)",
        "testDir": "XamarinApp\\MyTrips\\MyTrips.UITests\\bin\\$(BuildConfiguration)",
        "parallelization": "none",
        "locale": "en_US",
        "userDefinedLocale": "",
        "testCloudLocation": "**/packages/**/tools/test-cloud.exe",
        "optionalArgs": "",
        "publishNUnitResults": "true"
      }
    },
    {
      "enabled": true,
      "continueOnError": false,
      "alwaysRun": false,
      "displayName": "Copy Files to: $(build.artifactstagingdirectory)",
      "task": {
        "id": "5bfb729a-a7c8-4a78-a7c3-8d717bb7c13c",
        "versionSpec": "*"
      },
      "inputs": {
        "SourceFolder": "$(Agent.BuildDirectory)",
        "Contents": "**\\bin\\$(BuildConfiguration)\\com.microsoft.mydriving.apk",
        "TargetFolder": "$(build.artifactstagingdirectory)",
        "CleanTargetFolder": "false",
        "OverWrite": "true"
      }
    },
    {
      "enabled": true,
      "continueOnError": false,
      "alwaysRun": false,
      "displayName": "Publish Artifact: drop",
      "task": {
        "id": "2ff763a7-ce83-4e1f-bc89-0ae63477cebe",
        "versionSpec": "*"
      },
      "inputs": {
        "PathtoPublish": "$(build.artifactstagingdirectory)",
        "ArtifactName": "drop",
        "ArtifactType": "Container",
        "TargetPath": "\\\\my\\share\\$(Build.DefinitionName)\\$(Build.BuildNumber)"
      }
    }
  ],
  "options": [
    {
      "enabled": false,
      "definition": {
        "id": "7c555368-ca64-4199-add6-9ebaf0b0137d"
      },
      "inputs": {
        "multipliers": "[]",
        "parallel": "false",
        "continueOnError": "true",
        "additionalFields": "{}"
      }
    },
    {
      "enabled": false,
      "definition": {
        "id": "a9db38f9-9fdc-478c-b0f9-464221e58316"
      },
      "inputs": {
        "workItemType": "133217",
        "assignToRequestor": "true",
        "additionalFields": "{}"
      }
    },
    {
      "enabled": false,
      "definition": {
        "id": "57578776-4c22-4526-aeb0-86b6da17ee9c"
      },
      "inputs": {
        "additionalFields": "{}"
      }
    }
  ],
  "triggers": [
    {
      "branchFilters": [
        "+master"
      ],
      "batchChanges": true,
      "maxConcurrentBuildsPerBranch": 1,
      "triggerType": "continuousIntegration"
    }
  ],
  "variables": {
    "system.debug": {
      "value": "false",
      "allowOverride": true
    },
    "BuildConfiguration": {
      "value": "release",
      "allowOverride": true
    },
    "BuildPlatform": {
      "value": "any cpu",
      "allowOverride": true
    },
    "GeneralPassword": {
      "value": null,
      "isSecret": true
    },
    "XamarinLicenseUser": {
      "value": null,
      "isSecret": true
    },
    "XTCKey": {
      "value": null,
      "isSecret": true
    },
    "XTCUser": {
      "value": null,
      "isSecret": true
    },
    "XTCDevices": {
      "value": null,
      "isSecret": true
    }
  },
  "retentionRules": [
    {
      "branches": [
        "+refs/heads/*"
      ],
      "artifacts": [
        "build.SourceLabel"
      ],
      "daysToKeep": 10,
      "minimumToKeep": 1,
      "deleteBuildRecord": true,
      "deleteTestResults": true
    }
  ],
  "buildNumberFormat": "1.0.0$(rev:.r)",
  "jobAuthorizationScope": "projectCollection",
  "jobTimeoutInMinutes": 60,
  "quality": "definition",
  "queue": {
    "pool": {
      "id": 2,
      "name": "Hosted"
    },
    "id": 2,
    "name": "Hosted"
  },
  "type": "build",
  "name": "MyDriving.Xamarin.Android",
  "repository": {
    "properties": {
      "labelSources": "0"
    },
    "type": "TfsGit",
    "name": "",
    "url": "repoUrl",
    "defaultBranch": "refs/heads/master",
    "clean": "false",
    "checkoutSubmodules": false
  }
}