﻿<?xml version="1.0" encoding="utf-8"?>
<ApplicationManifest xmlns:xsd="http://www.w3.org/2001/XMLSchema" xmlns:xsi="http://www.w3.org/2001/XMLSchema-instance" ApplicationTypeName="VINLookUpApplicationType" ApplicationTypeVersion="1.0.0" xmlns="http://schemas.microsoft.com/2011/01/fabric">
   <Parameters>
      <Parameter Name="VINLookupService_InstanceCount" DefaultValue="-1" />
      <Parameter Name="IoTHubPartitionMapActorService_PartitionCount" DefaultValue="10" />
      <Parameter Name="IoTHubPartitionMapActorService_MinReplicaSetSize" DefaultValue="2" />
      <Parameter Name="IoTHubPartitionMapActorService_TargetReplicaSetSize" DefaultValue="3" />
   </Parameters>
   <ServiceManifestImport>
      <ServiceManifestRef ServiceManifestName="IoTHubPartitionMapPkg" ServiceManifestVersion="1.0.0" />
   </ServiceManifestImport>
   <ServiceManifestImport>
      <ServiceManifestRef ServiceManifestName="VINLookupServicePkg" ServiceManifestVersion="1.0.0" />
      <ConfigOverrides />
   </ServiceManifestImport>
   <DefaultServices>
      <Service Name="VINLookupService">
         <StatelessService ServiceTypeName="VINLookupServiceType" InstanceCount="[VINLookupService_InstanceCount]">
            <UniformInt64Partition PartitionCount="10" LowKey="1" HighKey="1000" />
         </StatelessService>
      </Service>
      <Service Name="IoTHubPartitionMapActorService" GeneratedIdRef="05456ebd-8727-4902-94a2-718705209ef3">
         <StatefulService ServiceTypeName="IoTHubPartitionMapActorServiceType" TargetReplicaSetSize="[IoTHubPartitionMapActorService_TargetReplicaSetSize]" MinReplicaSetSize="[IoTHubPartitionMapActorService_MinReplicaSetSize]">
            <UniformInt64Partition PartitionCount="[IoTHubPartitionMapActorService_PartitionCount]" LowKey="-9223372036854775808" HighKey="9223372036854775807" />
         </StatefulService>
      </Service>
   </DefaultServices>
</ApplicationManifest>