﻿<?xml version="1.0" encoding="utf-8"?>
<ServiceManifest xmlns:xsd="http://www.w3.org/2001/XMLSchema" xmlns:xsi="http://www.w3.org/2001/XMLSchema-instance" Name="IoTHubPartitionMapPkg" Version="1.0.0" xmlns="http://schemas.microsoft.com/2011/01/fabric">
   <ServiceTypes>
      <StatefulServiceType ServiceTypeName="IoTHubPartitionMapActorServiceType" HasPersistedState="true">
         <Extensions>
            <Extension Name="__GeneratedServiceType__" GeneratedId="05456ebd-8727-4902-94a2-718705209ef3">
               <GeneratedNames xmlns="http://schemas.microsoft.com/2015/03/fabact-no-schema">
                  <DefaultService Name="IoTHubPartitionMapActorService" />
                  <ServiceEndpoint Name="IoTHubPartitionMapActorServiceEndpoint" />
                  <ReplicatorEndpoint Name="IoTHubPartitionMapActorServiceReplicatorEndpoint" />
                  <ReplicatorConfigSection Name="IoTHubPartitionMapActorServiceReplicatorConfig" />
                  <ReplicatorSecurityConfigSection Name="IoTHubPartitionMapActorServiceReplicatorSecurityConfig" />
                  <StoreConfigSection Name="IoTHubPartitionMapActorServiceLocalStoreConfig" />
               </GeneratedNames>
            </Extension>
         </Extensions>
      </StatefulServiceType>
   </ServiceTypes>
   <CodePackage Name="Code" Version="1.0.0">
      <EntryPoint>
         <ExeHost>
            <Program>IoTHubPartitionMap.exe</Program>
         </ExeHost>
      </EntryPoint>
   </CodePackage>
   <ConfigPackage Name="Config" Version="1.0.0" />
   <Resources>
      <Endpoints>
         <Endpoint Name="IoTHubPartitionMapActorServiceEndpoint" />
         <Endpoint Name="IoTHubPartitionMapActorServiceReplicatorEndpoint" />
      </Endpoints>
   </Resources>
</ServiceManifest>